{"cameraMode":{"drawMode":0,"name":"Shaded","section":"Shading Mode"},"sceneLighting":true,"audioPlay":false,"sceneViewState":{"showFog":true,"showMaterialUpdate":true,"showSkybox":true,"showFlares":true,"showImageEffects":true,"showParticleSystems":true},"in2DMode":false,"pivot":{"x":9.357890129089356,"y":28.951622009277345,"z":14.615445137023926},"rotation":{"x":-0.16305284202098847,"y":0.8242377042770386,"z":-0.4545738995075226,"w":-0.2956494092941284},"size":22.0,"orthographic":false}